{
  "CamPos": {
    "x": 676.148,
    "y": 152.829041,
    "z": 253.528412
  },
  "CamRot": {
    "x": -0.363147318,
    "y": 0.598713458,
    "z": -0.34915936,
    "w": -0.622698963
  },
  "Hours": 14,
  "Minutes": 0,
  "CurrentDay": 20,
  "CurrentMonth": 5,
  "CurrentYear": 2019,
  "CurrentWeer": 3,
  "TimeNow": false,
  "EnviWeerType": "Heavy Rain",
  "Options": [
    true,
    false,
    true,
    true,
    true
  ],
  "Color": {
    "x": 0.396727681,
    "y": 1.0,
    "z": 0.419618577,
    "w": 1.0
  },
  "SliderA": 1.0,
  "SliderR": 0.3967277,
  "SliderG": 1.0,
  "SliderB": 0.4196186,
  "CustomBuildings": [
    {
      "name": "Chrysler_Building",
      "pos": {
        "x": 579.4656,
        "y": 56.9420052,
        "z": 215.762939
      },
      "scale": {
        "x": 1.0,
        "y": 1.0,
        "z": 1.0
      },
      "rot": {
        "x": 0.0,
        "y": 0.0,
        "z": 0.0,
        "w": 1.0
      }
    },
    {
      "name": "Euromast",
      "pos": {
        "x": 731.043152,
        "y": 46.03037,
        "z": 274.4656
      },
      "scale": {
        "x": 1.0,
        "y": 1.0,
        "z": 1.0
      },
      "rot": {
        "x": 0.0,
        "y": 0.0,
        "z": 0.0,
        "w": 1.0
      }
    },
    {
      "name": "ABN_AMRO_Head_Quarters",
      "pos": {
        "x": 582.802368,
        "y": 57.7048264,
        "z": 350.894562
      },
      "scale": {
        "x": 1.0,
        "y": 1.0,
        "z": 1.0
      },
      "rot": {
        "x": 0.0,
        "y": 0.0,
        "z": 0.0,
        "w": 1.0
      }
    }
  ],
  "CustomBoxes": [
    {
      "name": "Box",
      "pos": {
        "x": 552.4559,
        "y": 48.79424,
        "z": -30.3658142
      },
      "scale": {
        "x": 1.0,
        "y": 1.0,
        "z": 1.0
      },
      "rot": {
        "x": 0.0,
        "y": 0.0,
        "z": 0.0,
        "w": 1.0
      }
    }
  ]
}